{
  "average_retention": 74.15,
  "min": 68.44,
  "max": 76.73,
  "qoq_changes": [
    0.0,
    6.269999999999996,
    2.0,
    0.020000000000010232
  ],
  "benchmark": 85.0,
  "avg_gap_to_benchmark": 10.852500000000006
}